-- Seed Data from Excel - The Citadel: Crown & Counsel
-- Generated: 2026-03-22T22:18:34.876570

INSERT INTO faction_registry (faction_name, loyalty, influence, is_active) VALUES ('Military Order', 0.75, 0.2, True) ON CONFLICT (faction_name) DO NOTHING;
INSERT INTO faction_registry (faction_name, loyalty, influence, is_active) VALUES ('Common Folk', 0.5, 0.15, True) ON CONFLICT (faction_name) DO NOTHING;
INSERT INTO faction_registry (faction_name, loyalty, influence, is_active) VALUES ('Arcane Circle', 0.55, 0.2, True) ON CONFLICT (faction_name) DO NOTHING;
INSERT INTO faction_registry (faction_name, loyalty, influence, is_active) VALUES ('Agricultural Union', 0.65, 0.2, True) ON CONFLICT (faction_name) DO NOTHING;
INSERT INTO faction_registry (faction_name, loyalty, influence, is_active) VALUES ('Merchant Guild', 0.6, 0.25, True) ON CONFLICT (faction_name) DO NOTHING;
INSERT INTO faction_registry (faction_name, loyalty, influence, is_active) VALUES ('Noble Houses', 0.7, 0.3, True) ON CONFLICT (faction_name) DO NOTHING;
INSERT INTO council_members (faction_name, spokesperson_name, seat_count, favor_points) VALUES ('Merchant Guild', 'Baroness Elara Goldweave', 25, 0) ON CONFLICT (faction_name) DO NOTHING;
INSERT INTO council_members (faction_name, spokesperson_name, seat_count, favor_points) VALUES ('Military Order', 'General Marcus Ironheart', 20, 2) ON CONFLICT (faction_name) DO NOTHING;
INSERT INTO council_members (faction_name, spokesperson_name, seat_count, favor_points) VALUES ('Common Folk', 'Elder Thomas Brightwell', 30, 2) ON CONFLICT (faction_name) DO NOTHING;
INSERT INTO council_members (faction_name, spokesperson_name, seat_count, favor_points) VALUES ('Arcane Circle', 'Archmage Seraphina Moonshadow', 15, 0) ON CONFLICT (faction_name) DO NOTHING;
INSERT INTO council_members (faction_name, spokesperson_name, seat_count, favor_points) VALUES ('Agricultural Union', 'Harvest Master Gwendolyn Thornfield', 10, 0) ON CONFLICT (faction_name) DO NOTHING;
INSERT INTO faction_influence_configs (faction_name, resource_bonuses, seat_weight) VALUES ('Merchant Guild', '{}'::jsonb, 2.5) ON CONFLICT DO NOTHING;
INSERT INTO faction_influence_configs (faction_name, resource_bonuses, seat_weight) VALUES ('Military Order', '{}'::jsonb, 2.0) ON CONFLICT DO NOTHING;
INSERT INTO faction_influence_configs (faction_name, resource_bonuses, seat_weight) VALUES ('Common Folk', '{}'::jsonb, 1.5) ON CONFLICT DO NOTHING;
INSERT INTO faction_influence_configs (faction_name, resource_bonuses, seat_weight) VALUES ('Arcane Circle', '{}'::jsonb, 1.8) ON CONFLICT DO NOTHING;
INSERT INTO faction_influence_configs (faction_name, resource_bonuses, seat_weight) VALUES ('Agricultural Union', '{}'::jsonb, 1.2) ON CONFLICT DO NOTHING;
INSERT INTO building_types (building_type_id, name, description, max_level, category, base_cost_gold, base_cost_food) VALUES ('BUILDING_DIPLOMATIC_ENVOY_OFFICE', 'Diplomatic Envoy Office', 'Facilitates relations with other factions and kingdoms, increasing diplomatic opportunities.', 3, 'utility', 280, 60) ON CONFLICT (building_type_id) DO NOTHING;
INSERT INTO building_types (building_type_id, name, description, max_level, category, base_cost_gold, base_cost_food) VALUES ('BUILDING_TOWN_HALL', 'Town Hall', 'Kingdom administrative center, essential for population management and stability.', 5, 'population', 300, 100) ON CONFLICT (building_type_id) DO NOTHING;
INSERT INTO building_types (building_type_id, name, description, max_level, category, base_cost_gold, base_cost_food) VALUES ('BUILDING_HOUSING_COMPLEX', 'Housing Complex', 'Provides housing for citizens, increasing population capacity.', 10, 'population', 150, 50) ON CONFLICT (building_type_id) DO NOTHING;
INSERT INTO building_types (building_type_id, name, description, max_level, category, base_cost_gold, base_cost_food) VALUES ('BUILDING_TEMPLE', 'Temple', 'Place of worship that increases morale and spirituality, contributing to stability and mana.', 5, 'population', 200, 80) ON CONFLICT (building_type_id) DO NOTHING;
INSERT INTO building_types (building_type_id, name, description, max_level, category, base_cost_gold, base_cost_food) VALUES ('BUILDING_UNIVERSITY', 'University', 'Higher education institution that accelerates research and technology development.', 3, 'population', 400, 150) ON CONFLICT (building_type_id) DO NOTHING;
INSERT INTO building_types (building_type_id, name, description, max_level, category, base_cost_gold, base_cost_food) VALUES ('BUILDING_FARM', 'Farm', 'Produces food for the kingdom''s population.', 10, 'resources', 100, 0) ON CONFLICT (building_type_id) DO NOTHING;
INSERT INTO building_types (building_type_id, name, description, max_level, category, base_cost_gold, base_cost_food) VALUES ('BUILDING_MINE', 'Mine', 'Extracts minerals and iron ore from the ground.', 10, 'resources', 120, 30) ON CONFLICT (building_type_id) DO NOTHING;
INSERT INTO building_types (building_type_id, name, description, max_level, category, base_cost_gold, base_cost_food) VALUES ('BUILDING_LUMBER_MILL', 'Lumber Mill', 'Processes wood from surrounding forests.', 10, 'resources', 80, 20) ON CONFLICT (building_type_id) DO NOTHING;
INSERT INTO building_types (building_type_id, name, description, max_level, category, base_cost_gold, base_cost_food) VALUES ('BUILDING_MARKET', 'Market', 'Facilitates local trade and increases gold income.', 5, 'resources', 250, 50) ON CONFLICT (building_type_id) DO NOTHING;
INSERT INTO building_types (building_type_id, name, description, max_level, category, base_cost_gold, base_cost_food) VALUES ('BUILDING_AQUEDUCT', 'Aqueduct', 'Provides clean water for agriculture and population, crucial in arid regions.', 3, 'resources', 350, 70) ON CONFLICT (building_type_id) DO NOTHING;
INSERT INTO building_types (building_type_id, name, description, max_level, category, base_cost_gold, base_cost_food) VALUES ('BUILDING_BARRACKS', 'Barracks', 'Trains soldiers and increases the kingdom''s military strength.', 5, 'military', 200, 100) ON CONFLICT (building_type_id) DO NOTHING;
INSERT INTO building_types (building_type_id, name, description, max_level, category, base_cost_gold, base_cost_food) VALUES ('BUILDING_WATCHTOWER', 'Watchtower', 'Provides surveillance over surrounding areas, reducing attack and rebellion risks.', 5, 'military', 150, 50) ON CONFLICT (building_type_id) DO NOTHING;
INSERT INTO building_types (building_type_id, name, description, max_level, category, base_cost_gold, base_cost_food) VALUES ('BUILDING_CITY_WALLS', 'City Walls', 'Strong defensive structures to protect the capital and population.', 3, 'military', 500, 200) ON CONFLICT (building_type_id) DO NOTHING;
INSERT INTO building_types (building_type_id, name, description, max_level, category, base_cost_gold, base_cost_food) VALUES ('BUILDING_TRAINING_GROUNDS', 'Training Grounds', 'Dedicated area for training troops, improving combat quality and reducing recruitment costs.', 5, 'military', 250, 70) ON CONFLICT (building_type_id) DO NOTHING;
INSERT INTO building_types (building_type_id, name, description, max_level, category, base_cost_gold, base_cost_food) VALUES ('BUILDING_LIBRARY', 'Library', 'Extensive knowledge repository that accelerates research and technology development.', 3, 'utility', 200, 50) ON CONFLICT (building_type_id) DO NOTHING;
INSERT INTO building_types (building_type_id, name, description, max_level, category, base_cost_gold, base_cost_food) VALUES ('BUILDING_WORKSHOP', 'Workshop', 'Innovation and production center, increasing construction efficiency and reducing maintenance costs.', 5, 'utility', 180, 40) ON CONFLICT (building_type_id) DO NOTHING;
INSERT INTO building_types (building_type_id, name, description, max_level, category, base_cost_gold, base_cost_food) VALUES ('BUILDING_GRAND_MONUMENT', 'Grand Monument', 'Symbol of kingdom pride, increasing stability and political points.', 1, 'utility', 400, 100) ON CONFLICT (building_type_id) DO NOTHING;
INSERT INTO building_types (building_type_id, name, description, max_level, category, base_cost_gold, base_cost_food) VALUES ('BUILDING_ARCANUM_TOWER', 'Arcanum Tower', 'Magical structure that strengthens mana flow throughout the kingdom.', 3, 'utility', 350, 80) ON CONFLICT (building_type_id) DO NOTHING;
INSERT INTO building_stats (building_type_id, level, maintenance_cost, resource_bonus, stability_bonus, population_capacity_bonus, food_consumption_reduction) VALUES ('BUILDING_FARM', 7, '{}'::jsonb, '{}'::jsonb, 0.0, 0, 0.0) ON CONFLICT DO NOTHING;
INSERT INTO building_stats (building_type_id, level, maintenance_cost, resource_bonus, stability_bonus, population_capacity_bonus, food_consumption_reduction) VALUES ('BUILDING_FARM', 8, '{}'::jsonb, '{}'::jsonb, 0.0, 0, 0.0) ON CONFLICT DO NOTHING;
INSERT INTO building_stats (building_type_id, level, maintenance_cost, resource_bonus, stability_bonus, population_capacity_bonus, food_consumption_reduction) VALUES ('BUILDING_FARM', 9, '{}'::jsonb, '{}'::jsonb, 0.0, 0, 0.0) ON CONFLICT DO NOTHING;
INSERT INTO building_stats (building_type_id, level, maintenance_cost, resource_bonus, stability_bonus, population_capacity_bonus, food_consumption_reduction) VALUES ('BUILDING_FARM', 10, '{}'::jsonb, '{}'::jsonb, 0.0, 0, 0.0) ON CONFLICT DO NOTHING;
INSERT INTO building_stats (building_type_id, level, maintenance_cost, resource_bonus, stability_bonus, population_capacity_bonus, food_consumption_reduction) VALUES ('BUILDING_MINE', 1, '{}'::jsonb, '{}'::jsonb, 0.0, 0, 0.0) ON CONFLICT DO NOTHING;
INSERT INTO building_stats (building_type_id, level, maintenance_cost, resource_bonus, stability_bonus, population_capacity_bonus, food_consumption_reduction) VALUES ('BUILDING_MINE', 2, '{}'::jsonb, '{}'::jsonb, 0.0, 0, 0.0) ON CONFLICT DO NOTHING;
INSERT INTO building_stats (building_type_id, level, maintenance_cost, resource_bonus, stability_bonus, population_capacity_bonus, food_consumption_reduction) VALUES ('BUILDING_MINE', 3, '{}'::jsonb, '{}'::jsonb, 0.0, 0, 0.0) ON CONFLICT DO NOTHING;
INSERT INTO building_stats (building_type_id, level, maintenance_cost, resource_bonus, stability_bonus, population_capacity_bonus, food_consumption_reduction) VALUES ('BUILDING_MINE', 4, '{}'::jsonb, '{}'::jsonb, 0.0, 0, 0.0) ON CONFLICT DO NOTHING;
INSERT INTO building_stats (building_type_id, level, maintenance_cost, resource_bonus, stability_bonus, population_capacity_bonus, food_consumption_reduction) VALUES ('BUILDING_MINE', 5, '{}'::jsonb, '{}'::jsonb, 0.0, 0, 0.0) ON CONFLICT DO NOTHING;
INSERT INTO building_stats (building_type_id, level, maintenance_cost, resource_bonus, stability_bonus, population_capacity_bonus, food_consumption_reduction) VALUES ('BUILDING_MINE', 6, '{}'::jsonb, '{}'::jsonb, 0.0, 0, 0.0) ON CONFLICT DO NOTHING;
INSERT INTO building_stats (building_type_id, level, maintenance_cost, resource_bonus, stability_bonus, population_capacity_bonus, food_consumption_reduction) VALUES ('BUILDING_MINE', 7, '{}'::jsonb, '{}'::jsonb, 0.0, 0, 0.0) ON CONFLICT DO NOTHING;
INSERT INTO building_stats (building_type_id, level, maintenance_cost, resource_bonus, stability_bonus, population_capacity_bonus, food_consumption_reduction) VALUES ('BUILDING_MINE', 8, '{}'::jsonb, '{}'::jsonb, 0.0, 0, 0.0) ON CONFLICT DO NOTHING;
INSERT INTO building_stats (building_type_id, level, maintenance_cost, resource_bonus, stability_bonus, population_capacity_bonus, food_consumption_reduction) VALUES ('BUILDING_MINE', 9, '{}'::jsonb, '{}'::jsonb, 0.0, 0, 0.0) ON CONFLICT DO NOTHING;
INSERT INTO building_stats (building_type_id, level, maintenance_cost, resource_bonus, stability_bonus, population_capacity_bonus, food_consumption_reduction) VALUES ('BUILDING_MINE', 10, '{}'::jsonb, '{}'::jsonb, 0.0, 0, 0.0) ON CONFLICT DO NOTHING;
INSERT INTO building_stats (building_type_id, level, maintenance_cost, resource_bonus, stability_bonus, population_capacity_bonus, food_consumption_reduction) VALUES ('BUILDING_LUMBER_MILL', 1, '{}'::jsonb, '{}'::jsonb, 0.0, 0, 0.0) ON CONFLICT DO NOTHING;
INSERT INTO building_stats (building_type_id, level, maintenance_cost, resource_bonus, stability_bonus, population_capacity_bonus, food_consumption_reduction) VALUES ('BUILDING_LUMBER_MILL', 2, '{}'::jsonb, '{}'::jsonb, 0.0, 0, 0.0) ON CONFLICT DO NOTHING;
INSERT INTO building_stats (building_type_id, level, maintenance_cost, resource_bonus, stability_bonus, population_capacity_bonus, food_consumption_reduction) VALUES ('BUILDING_LUMBER_MILL', 3, '{}'::jsonb, '{}'::jsonb, 0.0, 0, 0.0) ON CONFLICT DO NOTHING;
INSERT INTO building_stats (building_type_id, level, maintenance_cost, resource_bonus, stability_bonus, population_capacity_bonus, food_consumption_reduction) VALUES ('BUILDING_LUMBER_MILL', 4, '{}'::jsonb, '{}'::jsonb, 0.0, 0, 0.0) ON CONFLICT DO NOTHING;
INSERT INTO building_stats (building_type_id, level, maintenance_cost, resource_bonus, stability_bonus, population_capacity_bonus, food_consumption_reduction) VALUES ('BUILDING_LUMBER_MILL', 5, '{}'::jsonb, '{}'::jsonb, 0.0, 0, 0.0) ON CONFLICT DO NOTHING;
INSERT INTO building_stats (building_type_id, level, maintenance_cost, resource_bonus, stability_bonus, population_capacity_bonus, food_consumption_reduction) VALUES ('BUILDING_LUMBER_MILL', 6, '{}'::jsonb, '{}'::jsonb, 0.0, 0, 0.0) ON CONFLICT DO NOTHING;
INSERT INTO building_stats (building_type_id, level, maintenance_cost, resource_bonus, stability_bonus, population_capacity_bonus, food_consumption_reduction) VALUES ('BUILDING_LUMBER_MILL', 7, '{}'::jsonb, '{}'::jsonb, 0.0, 0, 0.0) ON CONFLICT DO NOTHING;
INSERT INTO building_stats (building_type_id, level, maintenance_cost, resource_bonus, stability_bonus, population_capacity_bonus, food_consumption_reduction) VALUES ('BUILDING_LUMBER_MILL', 8, '{}'::jsonb, '{}'::jsonb, 0.0, 0, 0.0) ON CONFLICT DO NOTHING;
INSERT INTO building_stats (building_type_id, level, maintenance_cost, resource_bonus, stability_bonus, population_capacity_bonus, food_consumption_reduction) VALUES ('BUILDING_LUMBER_MILL', 9, '{}'::jsonb, '{}'::jsonb, 0.0, 0, 0.0) ON CONFLICT DO NOTHING;
INSERT INTO building_stats (building_type_id, level, maintenance_cost, resource_bonus, stability_bonus, population_capacity_bonus, food_consumption_reduction) VALUES ('BUILDING_LUMBER_MILL', 10, '{}'::jsonb, '{}'::jsonb, 0.0, 0, 0.0) ON CONFLICT DO NOTHING;
INSERT INTO building_stats (building_type_id, level, maintenance_cost, resource_bonus, stability_bonus, population_capacity_bonus, food_consumption_reduction) VALUES ('BUILDING_MARKET', 1, '{}'::jsonb, '{}'::jsonb, 0.0, 0, 0.0) ON CONFLICT DO NOTHING;
INSERT INTO building_stats (building_type_id, level, maintenance_cost, resource_bonus, stability_bonus, population_capacity_bonus, food_consumption_reduction) VALUES ('BUILDING_MARKET', 2, '{}'::jsonb, '{}'::jsonb, 0.0, 0, 0.0) ON CONFLICT DO NOTHING;
INSERT INTO building_stats (building_type_id, level, maintenance_cost, resource_bonus, stability_bonus, population_capacity_bonus, food_consumption_reduction) VALUES ('BUILDING_MARKET', 3, '{}'::jsonb, '{}'::jsonb, 0.0, 0, 0.0) ON CONFLICT DO NOTHING;
INSERT INTO building_stats (building_type_id, level, maintenance_cost, resource_bonus, stability_bonus, population_capacity_bonus, food_consumption_reduction) VALUES ('BUILDING_MARKET', 4, '{}'::jsonb, '{}'::jsonb, 0.0, 0, 0.0) ON CONFLICT DO NOTHING;
INSERT INTO building_stats (building_type_id, level, maintenance_cost, resource_bonus, stability_bonus, population_capacity_bonus, food_consumption_reduction) VALUES ('BUILDING_MARKET', 5, '{}'::jsonb, '{}'::jsonb, 0.0, 0, 0.0) ON CONFLICT DO NOTHING;
INSERT INTO building_stats (building_type_id, level, maintenance_cost, resource_bonus, stability_bonus, population_capacity_bonus, food_consumption_reduction) VALUES ('BUILDING_AQUEDUCT', 1, '{}'::jsonb, '{}'::jsonb, 0.005, 300, 0.0) ON CONFLICT DO NOTHING;
INSERT INTO building_stats (building_type_id, level, maintenance_cost, resource_bonus, stability_bonus, population_capacity_bonus, food_consumption_reduction) VALUES ('BUILDING_AQUEDUCT', 2, '{}'::jsonb, '{}'::jsonb, 0.01, 600, 0.0) ON CONFLICT DO NOTHING;
INSERT INTO building_stats (building_type_id, level, maintenance_cost, resource_bonus, stability_bonus, population_capacity_bonus, food_consumption_reduction) VALUES ('BUILDING_AQUEDUCT', 3, '{}'::jsonb, '{}'::jsonb, 0.015, 900, 0.0) ON CONFLICT DO NOTHING;
INSERT INTO building_stats (building_type_id, level, maintenance_cost, resource_bonus, stability_bonus, population_capacity_bonus, food_consumption_reduction) VALUES ('BUILDING_BARRACKS', 1, '{}'::jsonb, '{}'::jsonb, 0.0, 0, 0.0) ON CONFLICT DO NOTHING;
INSERT INTO building_stats (building_type_id, level, maintenance_cost, resource_bonus, stability_bonus, population_capacity_bonus, food_consumption_reduction) VALUES ('BUILDING_BARRACKS', 2, '{}'::jsonb, '{}'::jsonb, 0.0, 0, 0.0) ON CONFLICT DO NOTHING;
INSERT INTO building_stats (building_type_id, level, maintenance_cost, resource_bonus, stability_bonus, population_capacity_bonus, food_consumption_reduction) VALUES ('BUILDING_BARRACKS', 3, '{}'::jsonb, '{}'::jsonb, 0.0, 0, 0.0) ON CONFLICT DO NOTHING;
INSERT INTO building_stats (building_type_id, level, maintenance_cost, resource_bonus, stability_bonus, population_capacity_bonus, food_consumption_reduction) VALUES ('BUILDING_BARRACKS', 4, '{}'::jsonb, '{}'::jsonb, 0.0, 0, 0.0) ON CONFLICT DO NOTHING;
INSERT INTO building_stats (building_type_id, level, maintenance_cost, resource_bonus, stability_bonus, population_capacity_bonus, food_consumption_reduction) VALUES ('BUILDING_BARRACKS', 5, '{}'::jsonb, '{}'::jsonb, 0.0, 0, 0.0) ON CONFLICT DO NOTHING;
INSERT INTO building_stats (building_type_id, level, maintenance_cost, resource_bonus, stability_bonus, population_capacity_bonus, food_consumption_reduction) VALUES ('BUILDING_WATCHTOWER', 1, '{}'::jsonb, '{}'::jsonb, 0.005, 0, 0.0) ON CONFLICT DO NOTHING;
INSERT INTO building_stats (building_type_id, level, maintenance_cost, resource_bonus, stability_bonus, population_capacity_bonus, food_consumption_reduction) VALUES ('BUILDING_WATCHTOWER', 2, '{}'::jsonb, '{}'::jsonb, 0.01, 0, 0.0) ON CONFLICT DO NOTHING;
INSERT INTO building_stats (building_type_id, level, maintenance_cost, resource_bonus, stability_bonus, population_capacity_bonus, food_consumption_reduction) VALUES ('BUILDING_WATCHTOWER', 3, '{}'::jsonb, '{}'::jsonb, 0.015, 0, 0.0) ON CONFLICT DO NOTHING;
INSERT INTO building_stats (building_type_id, level, maintenance_cost, resource_bonus, stability_bonus, population_capacity_bonus, food_consumption_reduction) VALUES ('BUILDING_WATCHTOWER', 4, '{}'::jsonb, '{}'::jsonb, 0.02, 0, 0.0) ON CONFLICT DO NOTHING;
INSERT INTO building_stats (building_type_id, level, maintenance_cost, resource_bonus, stability_bonus, population_capacity_bonus, food_consumption_reduction) VALUES ('BUILDING_WATCHTOWER', 5, '{}'::jsonb, '{}'::jsonb, 0.025, 0, 0.0) ON CONFLICT DO NOTHING;
INSERT INTO building_stats (building_type_id, level, maintenance_cost, resource_bonus, stability_bonus, population_capacity_bonus, food_consumption_reduction) VALUES ('BUILDING_CITY_WALLS', 1, '{}'::jsonb, '{}'::jsonb, 0.01, 0, 0.0) ON CONFLICT DO NOTHING;
INSERT INTO building_stats (building_type_id, level, maintenance_cost, resource_bonus, stability_bonus, population_capacity_bonus, food_consumption_reduction) VALUES ('BUILDING_CITY_WALLS', 2, '{}'::jsonb, '{}'::jsonb, 0.02, 0, 0.0) ON CONFLICT DO NOTHING;
INSERT INTO building_stats (building_type_id, level, maintenance_cost, resource_bonus, stability_bonus, population_capacity_bonus, food_consumption_reduction) VALUES ('BUILDING_CITY_WALLS', 3, '{}'::jsonb, '{}'::jsonb, 0.03, 0, 0.0) ON CONFLICT DO NOTHING;
INSERT INTO building_stats (building_type_id, level, maintenance_cost, resource_bonus, stability_bonus, population_capacity_bonus, food_consumption_reduction) VALUES ('BUILDING_TRAINING_GROUNDS', 1, '{}'::jsonb, '{}'::jsonb, 0.0, 0, 0.0) ON CONFLICT DO NOTHING;
INSERT INTO building_stats (building_type_id, level, maintenance_cost, resource_bonus, stability_bonus, population_capacity_bonus, food_consumption_reduction) VALUES ('BUILDING_TRAINING_GROUNDS', 2, '{}'::jsonb, '{}'::jsonb, 0.0, 0, 0.0) ON CONFLICT DO NOTHING;
INSERT INTO building_stats (building_type_id, level, maintenance_cost, resource_bonus, stability_bonus, population_capacity_bonus, food_consumption_reduction) VALUES ('BUILDING_TRAINING_GROUNDS', 3, '{}'::jsonb, '{}'::jsonb, 0.0, 0, 0.0) ON CONFLICT DO NOTHING;
INSERT INTO building_stats (building_type_id, level, maintenance_cost, resource_bonus, stability_bonus, population_capacity_bonus, food_consumption_reduction) VALUES ('BUILDING_TRAINING_GROUNDS', 4, '{}'::jsonb, '{}'::jsonb, 0.0, 0, 0.0) ON CONFLICT DO NOTHING;
INSERT INTO building_stats (building_type_id, level, maintenance_cost, resource_bonus, stability_bonus, population_capacity_bonus, food_consumption_reduction) VALUES ('BUILDING_TRAINING_GROUNDS', 5, '{}'::jsonb, '{}'::jsonb, 0.0, 0, 0.0) ON CONFLICT DO NOTHING;
INSERT INTO building_stats (building_type_id, level, maintenance_cost, resource_bonus, stability_bonus, population_capacity_bonus, food_consumption_reduction) VALUES ('BUILDING_LIBRARY', 1, '{}'::jsonb, '{}'::jsonb, 0.0, 0, 0.0) ON CONFLICT DO NOTHING;
INSERT INTO building_stats (building_type_id, level, maintenance_cost, resource_bonus, stability_bonus, population_capacity_bonus, food_consumption_reduction) VALUES ('BUILDING_LIBRARY', 2, '{}'::jsonb, '{}'::jsonb, 0.0, 0, 0.0) ON CONFLICT DO NOTHING;
INSERT INTO building_stats (building_type_id, level, maintenance_cost, resource_bonus, stability_bonus, population_capacity_bonus, food_consumption_reduction) VALUES ('BUILDING_LIBRARY', 3, '{}'::jsonb, '{}'::jsonb, 0.0, 0, 0.0) ON CONFLICT DO NOTHING;
INSERT INTO building_stats (building_type_id, level, maintenance_cost, resource_bonus, stability_bonus, population_capacity_bonus, food_consumption_reduction) VALUES ('BUILDING_WORKSHOP', 1, '{}'::jsonb, '{}'::jsonb, 0.0, 0, 0.0) ON CONFLICT DO NOTHING;
INSERT INTO building_stats (building_type_id, level, maintenance_cost, resource_bonus, stability_bonus, population_capacity_bonus, food_consumption_reduction) VALUES ('BUILDING_WORKSHOP', 2, '{}'::jsonb, '{}'::jsonb, 0.0, 0, 0.0) ON CONFLICT DO NOTHING;
INSERT INTO building_stats (building_type_id, level, maintenance_cost, resource_bonus, stability_bonus, population_capacity_bonus, food_consumption_reduction) VALUES ('BUILDING_WORKSHOP', 3, '{}'::jsonb, '{}'::jsonb, 0.0, 0, 0.0) ON CONFLICT DO NOTHING;
INSERT INTO building_stats (building_type_id, level, maintenance_cost, resource_bonus, stability_bonus, population_capacity_bonus, food_consumption_reduction) VALUES ('BUILDING_WORKSHOP', 4, '{}'::jsonb, '{}'::jsonb, 0.0, 0, 0.0) ON CONFLICT DO NOTHING;
INSERT INTO building_stats (building_type_id, level, maintenance_cost, resource_bonus, stability_bonus, population_capacity_bonus, food_consumption_reduction) VALUES ('BUILDING_WORKSHOP', 5, '{}'::jsonb, '{}'::jsonb, 0.0, 0, 0.0) ON CONFLICT DO NOTHING;
INSERT INTO building_stats (building_type_id, level, maintenance_cost, resource_bonus, stability_bonus, population_capacity_bonus, food_consumption_reduction) VALUES ('BUILDING_GRAND_MONUMENT', 1, '{}'::jsonb, '{}'::jsonb, 0.02, 0, 0.0) ON CONFLICT DO NOTHING;
INSERT INTO building_stats (building_type_id, level, maintenance_cost, resource_bonus, stability_bonus, population_capacity_bonus, food_consumption_reduction) VALUES ('BUILDING_ARCANUM_TOWER', 1, '{}'::jsonb, '{}'::jsonb, 0.0, 0, 0.0) ON CONFLICT DO NOTHING;
INSERT INTO building_stats (building_type_id, level, maintenance_cost, resource_bonus, stability_bonus, population_capacity_bonus, food_consumption_reduction) VALUES ('BUILDING_ARCANUM_TOWER', 2, '{}'::jsonb, '{}'::jsonb, 0.0, 0, 0.0) ON CONFLICT DO NOTHING;
INSERT INTO building_stats (building_type_id, level, maintenance_cost, resource_bonus, stability_bonus, population_capacity_bonus, food_consumption_reduction) VALUES ('BUILDING_ARCANUM_TOWER', 3, '{}'::jsonb, '{}'::jsonb, 0.0, 0, 0.0) ON CONFLICT DO NOTHING;
INSERT INTO building_stats (building_type_id, level, maintenance_cost, resource_bonus, stability_bonus, population_capacity_bonus, food_consumption_reduction) VALUES ('BUILDING_DIPLOMATIC_ENVOY_OFFICE', 1, '{}'::jsonb, '{}'::jsonb, 0.0, 0, 0.0) ON CONFLICT DO NOTHING;
INSERT INTO building_stats (building_type_id, level, maintenance_cost, resource_bonus, stability_bonus, population_capacity_bonus, food_consumption_reduction) VALUES ('BUILDING_DIPLOMATIC_ENVOY_OFFICE', 2, '{}'::jsonb, '{}'::jsonb, 0.0, 0, 0.0) ON CONFLICT DO NOTHING;
INSERT INTO building_stats (building_type_id, level, maintenance_cost, resource_bonus, stability_bonus, population_capacity_bonus, food_consumption_reduction) VALUES ('BUILDING_DIPLOMATIC_ENVOY_OFFICE', 3, '{}'::jsonb, '{}'::jsonb, 0.0, 0, 0.0) ON CONFLICT DO NOTHING;
INSERT INTO building_stats (building_type_id, level, maintenance_cost, resource_bonus, stability_bonus, population_capacity_bonus, food_consumption_reduction) VALUES ('BUILDING_TOWN_HALL', 1, '{}'::jsonb, '{}'::jsonb, 0.005, 500, 0.0) ON CONFLICT DO NOTHING;
INSERT INTO building_stats (building_type_id, level, maintenance_cost, resource_bonus, stability_bonus, population_capacity_bonus, food_consumption_reduction) VALUES ('BUILDING_TOWN_HALL', 2, '{}'::jsonb, '{}'::jsonb, 0.01, 1000, 0.0) ON CONFLICT DO NOTHING;
INSERT INTO building_stats (building_type_id, level, maintenance_cost, resource_bonus, stability_bonus, population_capacity_bonus, food_consumption_reduction) VALUES ('BUILDING_TOWN_HALL', 3, '{}'::jsonb, '{}'::jsonb, 0.015, 1500, 0.0) ON CONFLICT DO NOTHING;
INSERT INTO building_stats (building_type_id, level, maintenance_cost, resource_bonus, stability_bonus, population_capacity_bonus, food_consumption_reduction) VALUES ('BUILDING_TOWN_HALL', 4, '{}'::jsonb, '{}'::jsonb, 0.02, 2000, 0.0) ON CONFLICT DO NOTHING;
INSERT INTO building_stats (building_type_id, level, maintenance_cost, resource_bonus, stability_bonus, population_capacity_bonus, food_consumption_reduction) VALUES ('BUILDING_TOWN_HALL', 5, '{}'::jsonb, '{}'::jsonb, 0.025, 2500, 0.0) ON CONFLICT DO NOTHING;
INSERT INTO building_stats (building_type_id, level, maintenance_cost, resource_bonus, stability_bonus, population_capacity_bonus, food_consumption_reduction) VALUES ('BUILDING_HOUSING_COMPLEX', 1, '{}'::jsonb, '{}'::jsonb, 0.0, 200, 0.002) ON CONFLICT DO NOTHING;
INSERT INTO building_stats (building_type_id, level, maintenance_cost, resource_bonus, stability_bonus, population_capacity_bonus, food_consumption_reduction) VALUES ('BUILDING_HOUSING_COMPLEX', 2, '{}'::jsonb, '{}'::jsonb, 0.0, 400, 0.004) ON CONFLICT DO NOTHING;
INSERT INTO building_stats (building_type_id, level, maintenance_cost, resource_bonus, stability_bonus, population_capacity_bonus, food_consumption_reduction) VALUES ('BUILDING_HOUSING_COMPLEX', 3, '{}'::jsonb, '{}'::jsonb, 0.0, 600, 0.006) ON CONFLICT DO NOTHING;
INSERT INTO building_stats (building_type_id, level, maintenance_cost, resource_bonus, stability_bonus, population_capacity_bonus, food_consumption_reduction) VALUES ('BUILDING_HOUSING_COMPLEX', 4, '{}'::jsonb, '{}'::jsonb, 0.0, 800, 0.008) ON CONFLICT DO NOTHING;
INSERT INTO building_stats (building_type_id, level, maintenance_cost, resource_bonus, stability_bonus, population_capacity_bonus, food_consumption_reduction) VALUES ('BUILDING_HOUSING_COMPLEX', 5, '{}'::jsonb, '{}'::jsonb, 0.0, 1000, 0.01) ON CONFLICT DO NOTHING;
INSERT INTO building_stats (building_type_id, level, maintenance_cost, resource_bonus, stability_bonus, population_capacity_bonus, food_consumption_reduction) VALUES ('BUILDING_HOUSING_COMPLEX', 6, '{}'::jsonb, '{}'::jsonb, 0.0, 1200, 0.012) ON CONFLICT DO NOTHING;
INSERT INTO building_stats (building_type_id, level, maintenance_cost, resource_bonus, stability_bonus, population_capacity_bonus, food_consumption_reduction) VALUES ('BUILDING_HOUSING_COMPLEX', 7, '{}'::jsonb, '{}'::jsonb, 0.0, 1400, 0.014) ON CONFLICT DO NOTHING;
INSERT INTO building_stats (building_type_id, level, maintenance_cost, resource_bonus, stability_bonus, population_capacity_bonus, food_consumption_reduction) VALUES ('BUILDING_HOUSING_COMPLEX', 8, '{}'::jsonb, '{}'::jsonb, 0.0, 1600, 0.016) ON CONFLICT DO NOTHING;
INSERT INTO building_stats (building_type_id, level, maintenance_cost, resource_bonus, stability_bonus, population_capacity_bonus, food_consumption_reduction) VALUES ('BUILDING_HOUSING_COMPLEX', 9, '{}'::jsonb, '{}'::jsonb, 0.0, 1800, 0.018) ON CONFLICT DO NOTHING;
INSERT INTO building_stats (building_type_id, level, maintenance_cost, resource_bonus, stability_bonus, population_capacity_bonus, food_consumption_reduction) VALUES ('BUILDING_HOUSING_COMPLEX', 10, '{}'::jsonb, '{}'::jsonb, 0.0, 2000, 0.02) ON CONFLICT DO NOTHING;
INSERT INTO building_stats (building_type_id, level, maintenance_cost, resource_bonus, stability_bonus, population_capacity_bonus, food_consumption_reduction) VALUES ('BUILDING_TEMPLE', 1, '{}'::jsonb, '{}'::jsonb, 0.007, 0, 0.0) ON CONFLICT DO NOTHING;
INSERT INTO building_stats (building_type_id, level, maintenance_cost, resource_bonus, stability_bonus, population_capacity_bonus, food_consumption_reduction) VALUES ('BUILDING_TEMPLE', 2, '{}'::jsonb, '{}'::jsonb, 0.014, 0, 0.0) ON CONFLICT DO NOTHING;
INSERT INTO building_stats (building_type_id, level, maintenance_cost, resource_bonus, stability_bonus, population_capacity_bonus, food_consumption_reduction) VALUES ('BUILDING_TEMPLE', 3, '{}'::jsonb, '{}'::jsonb, 0.021, 0, 0.0) ON CONFLICT DO NOTHING;
INSERT INTO building_stats (building_type_id, level, maintenance_cost, resource_bonus, stability_bonus, population_capacity_bonus, food_consumption_reduction) VALUES ('BUILDING_TEMPLE', 4, '{}'::jsonb, '{}'::jsonb, 0.028, 0, 0.0) ON CONFLICT DO NOTHING;
INSERT INTO building_stats (building_type_id, level, maintenance_cost, resource_bonus, stability_bonus, population_capacity_bonus, food_consumption_reduction) VALUES ('BUILDING_TEMPLE', 5, '{}'::jsonb, '{}'::jsonb, 0.035, 0, 0.0) ON CONFLICT DO NOTHING;
INSERT INTO building_stats (building_type_id, level, maintenance_cost, resource_bonus, stability_bonus, population_capacity_bonus, food_consumption_reduction) VALUES ('BUILDING_UNIVERSITY', 1, '{}'::jsonb, '{}'::jsonb, 0.0, 0, 0.0) ON CONFLICT DO NOTHING;
INSERT INTO building_stats (building_type_id, level, maintenance_cost, resource_bonus, stability_bonus, population_capacity_bonus, food_consumption_reduction) VALUES ('BUILDING_UNIVERSITY', 2, '{}'::jsonb, '{}'::jsonb, 0.0, 0, 0.0) ON CONFLICT DO NOTHING;
INSERT INTO building_stats (building_type_id, level, maintenance_cost, resource_bonus, stability_bonus, population_capacity_bonus, food_consumption_reduction) VALUES ('BUILDING_UNIVERSITY', 3, '{}'::jsonb, '{}'::jsonb, 0.0, 0, 0.0) ON CONFLICT DO NOTHING;
INSERT INTO building_stats (building_type_id, level, maintenance_cost, resource_bonus, stability_bonus, population_capacity_bonus, food_consumption_reduction) VALUES ('BUILDING_FARM', 1, '{}'::jsonb, '{}'::jsonb, 0.0, 0, 0.0) ON CONFLICT DO NOTHING;
INSERT INTO building_stats (building_type_id, level, maintenance_cost, resource_bonus, stability_bonus, population_capacity_bonus, food_consumption_reduction) VALUES ('BUILDING_FARM', 2, '{}'::jsonb, '{}'::jsonb, 0.0, 0, 0.0) ON CONFLICT DO NOTHING;
INSERT INTO building_stats (building_type_id, level, maintenance_cost, resource_bonus, stability_bonus, population_capacity_bonus, food_consumption_reduction) VALUES ('BUILDING_FARM', 3, '{}'::jsonb, '{}'::jsonb, 0.0, 0, 0.0) ON CONFLICT DO NOTHING;
INSERT INTO building_stats (building_type_id, level, maintenance_cost, resource_bonus, stability_bonus, population_capacity_bonus, food_consumption_reduction) VALUES ('BUILDING_FARM', 4, '{}'::jsonb, '{}'::jsonb, 0.0, 0, 0.0) ON CONFLICT DO NOTHING;
INSERT INTO building_stats (building_type_id, level, maintenance_cost, resource_bonus, stability_bonus, population_capacity_bonus, food_consumption_reduction) VALUES ('BUILDING_FARM', 5, '{}'::jsonb, '{}'::jsonb, 0.0, 0, 0.0) ON CONFLICT DO NOTHING;
INSERT INTO building_stats (building_type_id, level, maintenance_cost, resource_bonus, stability_bonus, population_capacity_bonus, food_consumption_reduction) VALUES ('BUILDING_FARM', 6, '{}'::jsonb, '{}'::jsonb, 0.0, 0, 0.0) ON CONFLICT DO NOTHING;
INSERT INTO regions (region_id, name, difficulty, population_capacity, gold_cost, food_cost, iron_richness, food_richness, clash_risk, status) VALUES ('REGION_GOLDEN_PLAINS', 'Golden Plains', 0.8, 2000, 600, 400, 0.3, 0.8, 0.2, 'Neutral') ON CONFLICT (region_id) DO NOTHING;
INSERT INTO regions (region_id, name, difficulty, population_capacity, gold_cost, food_cost, iron_richness, food_richness, clash_risk, status) VALUES ('REGION_IRON_PEAKS', 'Iron Peaks', 1.2, 500, 800, 500, 0.9, 0.2, 0.3, 'Neutral') ON CONFLICT (region_id) DO NOTHING;
INSERT INTO regions (region_id, name, difficulty, population_capacity, gold_cost, food_cost, iron_richness, food_richness, clash_risk, status) VALUES ('REGION_ANCIENT_FOREST', 'Ancient Forest', 1.0, 1200, 700, 500, 0.4, 0.6, 0.25, 'Neutral') ON CONFLICT (region_id) DO NOTHING;
INSERT INTO regions (region_id, name, difficulty, population_capacity, gold_cost, food_cost, iron_richness, food_richness, clash_risk, status) VALUES ('REGION_SILVER_COAST', 'Silver Coast', 0.9, 1800, 750, 450, 0.2, 0.7, 0.2, 'Neutral') ON CONFLICT (region_id) DO NOTHING;
INSERT INTO regions (region_id, name, difficulty, population_capacity, gold_cost, food_cost, iron_richness, food_richness, clash_risk, status) VALUES ('REGION_WHISPERING_DESERT', 'Whispering Desert', 1.5, 300, 900, 600, 0.6, 0.1, 0.4, 'Neutral') ON CONFLICT (region_id) DO NOTHING;
INSERT INTO regions (region_id, name, difficulty, population_capacity, gold_cost, food_cost, iron_richness, food_richness, clash_risk, status) VALUES ('REGION_CRIMSON_MARSH', 'Crimson Marsh', 1.3, 700, 850, 550, 0.5, 0.4, 0.35, 'Neutral') ON CONFLICT (region_id) DO NOTHING;
INSERT INTO regions (region_id, name, difficulty, population_capacity, gold_cost, food_cost, iron_richness, food_richness, clash_risk, status) VALUES ('REGION_SUNSTONE_HIGHLANDS', 'Sunstone Highlands', 1.1, 800, 780, 480, 0.7, 0.3, 0.28, 'Neutral') ON CONFLICT (region_id) DO NOTHING;
INSERT INTO regions (region_id, name, difficulty, population_capacity, gold_cost, food_cost, iron_richness, food_richness, clash_risk, status) VALUES ('REGION_VERDANT_VALLEY', 'Verdant Valley', 0.7, 2500, 550, 350, 0.2, 0.9, 0.15, 'Neutral') ON CONFLICT (region_id) DO NOTHING;
INSERT INTO regions (region_id, name, difficulty, population_capacity, gold_cost, food_cost, iron_richness, food_richness, clash_risk, status) VALUES ('REGION_FORGOTTEN_RUINS', 'Forgotten Ruins', 1.8, 600, 1000, 700, 0.4, 0.3, 0.5, 'Neutral') ON CONFLICT (region_id) DO NOTHING;
INSERT INTO regions (region_id, name, difficulty, population_capacity, gold_cost, food_cost, iron_richness, food_richness, clash_risk, status) VALUES ('REGION_WINDING_RIVERLANDS', 'Winding Riverlands', 0.9, 1500, 650, 400, 0.3, 0.7, 0.2, 'Neutral') ON CONFLICT (region_id) DO NOTHING;
INSERT INTO regions (region_id, name, difficulty, population_capacity, gold_cost, food_cost, iron_richness, food_richness, clash_risk, status) VALUES ('REGION_VOLCANIC_FRONTIER', 'Volcanic Frontier', 1.6, 400, 950, 650, 0.8, 0.1, 0.45, 'Neutral') ON CONFLICT (region_id) DO NOTHING;
INSERT INTO regions (region_id, name, difficulty, population_capacity, gold_cost, food_cost, iron_richness, food_richness, clash_risk, status) VALUES ('REGION_FROSTFANG_WASTES', 'Frostfang Wastes', 1.7, 200, 1100, 800, 0.6, 0.2, 0.55, 'Neutral') ON CONFLICT (region_id) DO NOTHING;
INSERT INTO regions (region_id, name, difficulty, population_capacity, gold_cost, food_cost, iron_richness, food_richness, clash_risk, status) VALUES ('REGION_AZURE_ARCHIPELAGO', 'Azure Archipelago', 1.0, 1000, 800, 500, 0.1, 0.8, 0.3, 'Neutral') ON CONFLICT (region_id) DO NOTHING;
INSERT INTO regions (region_id, name, difficulty, population_capacity, gold_cost, food_cost, iron_richness, food_richness, clash_risk, status) VALUES ('REGION_SHADOWFEN_SWAMPS', 'Shadowfen Swamps', 1.4, 700, 900, 600, 0.4, 0.5, 0.4, 'Neutral') ON CONFLICT (region_id) DO NOTHING;
INSERT INTO regions (region_id, name, difficulty, population_capacity, gold_cost, food_cost, iron_richness, food_richness, clash_risk, status) VALUES ('REGION_STARFALL_CRATER', 'Starfall Crater', 2.0, 600, 1200, 900, 0.7, 0.3, 0.6, 'Neutral') ON CONFLICT (region_id) DO NOTHING;
INSERT INTO law_library (law_id, name, description, is_active, intensity, faction_stances, category, image_url, effects, pp_cost) VALUES ('LAW_PUBLIC_EDUCATION', 'Public Education System', 'Every turn: +5 Mana, +10 Population. Cost: 100 Gold/turn', False, 50, '{}'::jsonb, 'Education', NULL, '{}'::jsonb, NULL) ON CONFLICT (law_id) DO NOTHING;
INSERT INTO law_library (law_id, name, description, is_active, intensity, faction_stances, category, image_url, effects, pp_cost) VALUES ('LAW_COMPULSORY_MILITARY', 'Compulsory Military Service', 'Every turn: +0.02 Military Strength, -0.01 Stability, -50 Gold/turn', False, 50, '{}'::jsonb, 'Military', NULL, '{}'::jsonb, NULL) ON CONFLICT (law_id) DO NOTHING;
INSERT INTO law_library (law_id, name, description, is_active, intensity, faction_stances, category, image_url, effects, pp_cost) VALUES ('LAW_UNIVERSAL_HEALTHCARE', 'Universal Healthcare', 'Every turn: +0.02 Stability, +5 Population. Cost: 80 Gold/turn, 30 Food/turn', False, 50, '{}'::jsonb, 'Welfare', NULL, '{}'::jsonb, NULL) ON CONFLICT (law_id) DO NOTHING;
INSERT INTO law_library (law_id, name, description, is_active, intensity, faction_stances, category, image_url, effects, pp_cost) VALUES ('LAW_FREE_TRADE_ZONES', 'Free Trade Zones', 'Every turn: +150 Gold, +0.03 Prosperity. Cost: -0.01 Stability', False, 50, '{}'::jsonb, 'Trade', NULL, '{}'::jsonb, NULL) ON CONFLICT (law_id) DO NOTHING;
INSERT INTO law_library (law_id, name, description, is_active, intensity, faction_stances, category, image_url, effects, pp_cost) VALUES ('LAW_GRAIN_SUBSIDIES', 'Grain Subsidies', 'Every turn: +100 Food, +0.01 Stability. Cost: 120 Gold/turn', False, 50, '{}'::jsonb, 'Economy', NULL, '{}'::jsonb, NULL) ON CONFLICT (law_id) DO NOTHING;
INSERT INTO law_library (law_id, name, description, is_active, intensity, faction_stances, category, image_url, effects, pp_cost) VALUES ('LAW_FOREST_CONSERVATION', 'Forest Conservation Act', 'Every turn: +60 Wood (sustainable), +0.01 Stability. Cost: -50 Gold/turn', False, 50, '{}'::jsonb, 'Environment', NULL, '{}'::jsonb, NULL) ON CONFLICT (law_id) DO NOTHING;
INSERT INTO law_library (law_id, name, description, is_active, intensity, faction_stances, category, image_url, effects, pp_cost) VALUES ('LAW_ARCANE_RESEARCH_FUNDING', 'Arcane Research Funding', 'Every turn: +15 Mana. Cost: 100 Gold/turn', False, 50, '{}'::jsonb, 'Magic', NULL, '{}'::jsonb, NULL) ON CONFLICT (law_id) DO NOTHING;
INSERT INTO law_library (law_id, name, description, is_active, intensity, faction_stances, category, image_url, effects, pp_cost) VALUES ('LAW_LABOR_RIGHTS', 'Labor Rights Protection', 'Every turn: +0.02 Stability, +10 Population. Cost: 70 Gold/turn', False, 50, '{}'::jsonb, 'Welfare', NULL, '{}'::jsonb, NULL) ON CONFLICT (law_id) DO NOTHING;
INSERT INTO law_library (law_id, name, description, is_active, intensity, faction_stances, category, image_url, effects, pp_cost) VALUES ('LAW_MINING_EXPANSION', 'Mining Expansion Program', 'Every turn: +80 Iron. Cost: 90 Gold/turn, 40 Food/turn', False, 50, '{}'::jsonb, 'Economy', NULL, '{}'::jsonb, NULL) ON CONFLICT (law_id) DO NOTHING;
INSERT INTO law_library (law_id, name, description, is_active, intensity, faction_stances, category, image_url, effects, pp_cost) VALUES ('LAW_TAX_REFORM', 'Progressive Tax Reform', 'Every turn: +100 Gold, +0.02 Prosperity. Cost: -0.01 Stability (wealthy unhappy)', False, 50, '{}'::jsonb, 'Economy', NULL, '{}'::jsonb, NULL) ON CONFLICT (law_id) DO NOTHING;
INSERT INTO law_library (law_id, name, description, is_active, intensity, faction_stances, category, image_url, effects, pp_cost) VALUES ('LAW_BORDER_FORTIFICATION', 'Border Fortification', 'Every turn: +0.01 Stability, -0.05 Clash Risk. Cost: 80 Gold/turn, 30 Iron/turn', False, 50, '{}'::jsonb, 'Military', NULL, '{}'::jsonb, NULL) ON CONFLICT (law_id) DO NOTHING;
INSERT INTO law_library (law_id, name, description, is_active, intensity, faction_stances, category, image_url, effects, pp_cost) VALUES ('LAW_GUILDHALL_PRIVILEGES', 'Guildhall Privileges', 'Every turn: +120 Gold, +0.02 Prosperity. Cost: -0.01 Corruption Reduction', False, 50, '{}'::jsonb, 'Trade', NULL, '{}'::jsonb, NULL) ON CONFLICT (law_id) DO NOTHING;
INSERT INTO law_library (law_id, name, description, is_active, intensity, faction_stances, category, image_url, effects, pp_cost) VALUES ('LAW_CENSUS_BUREAU', 'Census Bureau', 'Every turn: +5 Political Points, +0.02 Corruption Reduction. Cost: 60 Gold/turn', False, 50, '{}'::jsonb, 'Governance', NULL, '{}'::jsonb, NULL) ON CONFLICT (law_id) DO NOTHING;
INSERT INTO law_library (law_id, name, description, is_active, intensity, faction_stances, category, image_url, effects, pp_cost) VALUES ('LAW_VETERAN_BENEFITS', 'Veteran Benefits Program', 'Every turn: +0.01 Stability, +0.01 Military Strength. Cost: 70 Gold/turn', False, 50, '{}'::jsonb, 'Military', NULL, '{}'::jsonb, NULL) ON CONFLICT (law_id) DO NOTHING;
INSERT INTO law_library (law_id, name, description, is_active, intensity, faction_stances, category, image_url, effects, pp_cost) VALUES ('LAW_IRRIGATION_PROJECTS', 'National Irrigation Projects', 'Every turn: +120 Food, +500 Population Capacity. Cost: 100 Gold/turn', False, 50, '{}'::jsonb, 'Environment', NULL, '{}'::jsonb, NULL) ON CONFLICT (law_id) DO NOTHING;
INSERT INTO law_library (law_id, name, description, is_active, intensity, faction_stances, category, image_url, effects, pp_cost) VALUES ('LAW_ANTI_CORRUPTION', 'Anti-Corruption Commission', 'Every turn: +0.05 Corruption Reduction, +3 Political Points. Cost: 90 Gold/turn', False, 50, '{}'::jsonb, 'Governance', NULL, '{}'::jsonb, NULL) ON CONFLICT (law_id) DO NOTHING;
INSERT INTO law_library (law_id, name, description, is_active, intensity, faction_stances, category, image_url, effects, pp_cost) VALUES ('LAW_MERCHANT_FLEET', 'Merchant Fleet Expansion', 'Every turn: +180 Gold, +0.03 Prosperity. Cost: 40 Wood/turn', False, 50, '{}'::jsonb, 'Trade', NULL, '{}'::jsonb, NULL) ON CONFLICT (law_id) DO NOTHING;
INSERT INTO law_library (law_id, name, description, is_active, intensity, faction_stances, category, image_url, effects, pp_cost) VALUES ('LAW_MAGIC_REGULATION', 'Magic Regulation Act', 'Every turn: +0.02 Stability, +5 Mana. Cost: 50 Gold/turn', False, 50, '{}'::jsonb, 'Magic', NULL, '{}'::jsonb, NULL) ON CONFLICT (law_id) DO NOTHING;
INSERT INTO law_library (law_id, name, description, is_active, intensity, faction_stances, category, image_url, effects, pp_cost) VALUES ('LAW_REFUGEE_SETTLEMENT', 'Refugee Settlement Program', 'Every turn: +15 Population, +800 Population Capacity. Cost: 80 Gold/turn, 50 Food/turn', False, 50, '{}'::jsonb, 'Population', NULL, '{}'::jsonb, NULL) ON CONFLICT (law_id) DO NOTHING;
INSERT INTO law_library (law_id, name, description, is_active, intensity, faction_stances, category, image_url, effects, pp_cost) VALUES ('LAW_WAR_ECONOMY', 'War Economy Mobilization', 'Every turn: +100 Iron, +0.03 Military Strength. Cost: 150 Gold/turn, -0.02 Stability', False, 50, '{}'::jsonb, 'Military', NULL, '{}'::jsonb, NULL) ON CONFLICT (law_id) DO NOTHING;
INSERT INTO law_library (law_id, name, description, is_active, intensity, faction_stances, category, image_url, effects, pp_cost) VALUES ('LAW_INTELLECTUAL_PROPERTY', 'Intellectual Property Rights', 'Every turn: +10 Mana, +80 Gold. Cost: None', False, 50, '{}'::jsonb, 'Governance', NULL, '{}'::jsonb, NULL) ON CONFLICT (law_id) DO NOTHING;
INSERT INTO law_library (law_id, name, description, is_active, intensity, faction_stances, category, image_url, effects, pp_cost) VALUES ('LAW_LAND_REFORM', 'Land Redistribution Reform', 'Every turn: +150 Food, +0.02 Stability. Cost: -100 Gold/turn (wealthy opposition)', False, 50, '{}'::jsonb, 'Economy', NULL, '{}'::jsonb, NULL) ON CONFLICT (law_id) DO NOTHING;
INSERT INTO law_library (law_id, name, description, is_active, intensity, faction_stances, category, image_url, effects, pp_cost) VALUES ('LAW_DIPLOMATIC_CORPS', 'Diplomatic Corps Expansion', 'Every turn: +8 Political Points, +0.03 Faction Loyalty Gain. Cost: 70 Gold/turn', False, 50, '{}'::jsonb, 'Governance', NULL, '{}'::jsonb, NULL) ON CONFLICT (law_id) DO NOTHING;
INSERT INTO law_library (law_id, name, description, is_active, intensity, faction_stances, category, image_url, effects, pp_cost) VALUES ('LAW_RESOURCE_RATIONING', 'Resource Rationing System', 'Every turn: -30 Food consumption, -20 Wood consumption. Cost: -0.02 Stability', False, 50, '{}'::jsonb, 'Economy', NULL, '{}'::jsonb, NULL) ON CONFLICT (law_id) DO NOTHING;
INSERT INTO law_library (law_id, name, description, is_active, intensity, faction_stances, category, image_url, effects, pp_cost) VALUES ('LAW_MAGE_TOWER_NETWORK', 'Mage Tower Network', 'Every turn: +20 Mana, +0.01 Stability. Cost: 120 Gold/turn, 30 Iron/turn', False, 50, '{}'::jsonb, 'Magic', NULL, '{}'::jsonb, NULL) ON CONFLICT (law_id) DO NOTHING;
INSERT INTO law_library (law_id, name, description, is_active, intensity, faction_stances, category, image_url, effects, pp_cost) VALUES ('LAW_WILDLIFE_PRESERVATION', 'Wildlife Preservation Act', 'Every turn: +0.02 Stability, +50 Food (hunting balance). Cost: 40 Gold/turn', False, 50, '{}'::jsonb, 'Environment', NULL, '{}'::jsonb, NULL) ON CONFLICT (law_id) DO NOTHING;
INSERT INTO law_library (law_id, name, description, is_active, intensity, faction_stances, category, image_url, effects, pp_cost) VALUES ('LAW_STANDARDIZED_CURRENCY', 'Standardized Currency', 'Every turn: +0.04 Corruption Reduction, +100 Gold. Cost: None (one-time reform)', False, 50, '{}'::jsonb, 'Trade', NULL, '{}'::jsonb, NULL) ON CONFLICT (law_id) DO NOTHING;
INSERT INTO law_library (law_id, name, description, is_active, intensity, faction_stances, category, image_url, effects, pp_cost) VALUES ('LAW_CONSCRIPTION_LOTTERY', 'Conscription Lottery', 'Every turn: +0.02 Military Strength, -10 Population. Cost: -0.02 Stability', False, 50, '{}'::jsonb, 'Military', NULL, '{}'::jsonb, NULL) ON CONFLICT (law_id) DO NOTHING;
INSERT INTO law_library (law_id, name, description, is_active, intensity, faction_stances, category, image_url, effects, pp_cost) VALUES ('LAW_FESTIVAL_SUBSIDIES', 'Cultural Festival Subsidies', 'Every turn: +0.03 Stability, +0.02 Prosperity. Cost: 60 Gold/turn', False, 50, '{}'::jsonb, 'Welfare', NULL, '{}'::jsonb, NULL) ON CONFLICT (law_id) DO NOTHING;
INSERT INTO law_library (law_id, name, description, is_active, intensity, faction_stances, category, image_url, effects, pp_cost) VALUES ('LAW_STRATEGIC_RESERVES', 'Strategic Resource Reserves', 'Every turn: Stores 5% of Gold, Food, Iron, Wood for emergencies. Cost: 50 Gold/turn', False, 50, '{}'::jsonb, 'Economy', NULL, '{}'::jsonb, 15.0) ON CONFLICT (law_id) DO NOTHING;
INSERT INTO event_master (event_id, title, description, condition_script, is_triggered, choice_a_title, choice_a_effects, choice_a_faction_alignment, choice_b_title, choice_b_effects, choice_b_faction_alignment) VALUES ('EVENT_MERCHANT_CARAVAN', 'Merchant Caravan Arrival', 'A wealthy merchant caravan has arrived at your borders, offering exotic goods and trade opportunities. They seek permission to establish a permanent trading post.', 'turn_count >= 3 && gold > 3000', False, 'Welcome the Merchants', '{}'::jsonb, '{}'::jsonb, 'Impose Heavy Tariffs', '{}'::jsonb, '{}'::jsonb) ON CONFLICT (event_id) DO NOTHING;
INSERT INTO event_master (event_id, title, description, condition_script, is_triggered, choice_a_title, choice_a_effects, choice_a_faction_alignment, choice_b_title, choice_b_effects, choice_b_faction_alignment) VALUES ('EVENT_BORDER_SKIRMISH', 'Border Skirmish', 'Enemy raiders have been spotted near the kingdom''s borders. Your military advisors recommend immediate action to defend the realm.', 'turn_count >= 5 && iron < 1000', False, 'Deploy Full Military', '{}'::jsonb, '{}'::jsonb, 'Negotiate Peace', '{}'::jsonb, '{}'::jsonb) ON CONFLICT (event_id) DO NOTHING;
INSERT INTO event_master (event_id, title, description, condition_script, is_triggered, choice_a_title, choice_a_effects, choice_a_faction_alignment, choice_b_title, choice_b_effects, choice_b_faction_alignment) VALUES ('EVENT_GREAT_HARVEST', 'Bountiful Harvest', 'The kingdom experiences an exceptionally productive harvest season. Farmers celebrate the abundance and seek recognition for their hard work.', 'turn_count >= 7 && food > 2000', False, 'Celebrate with Festival', '{}'::jsonb, '{}'::jsonb, 'Export Surplus for Profit', '{}'::jsonb, '{}'::jsonb) ON CONFLICT (event_id) DO NOTHING;
INSERT INTO event_master (event_id, title, description, condition_script, is_triggered, choice_a_title, choice_a_effects, choice_a_faction_alignment, choice_b_title, choice_b_effects, choice_b_faction_alignment) VALUES ('EVENT_ARCANE_ANOMALY', 'Arcane Anomaly Detected', 'Strange magical phenomena have been observed in the capital. The Arcane Circle requests funding to investigate this mysterious occurrence.', 'turn_count >= 10 && mana > 0.4', False, 'Fund the Investigation', '{}'::jsonb, '{}'::jsonb, 'Ignore the Phenomena', '{}'::jsonb, '{}'::jsonb) ON CONFLICT (event_id) DO NOTHING;
INSERT INTO event_master (event_id, title, description, condition_script, is_triggered, choice_a_title, choice_a_effects, choice_a_faction_alignment, choice_b_title, choice_b_effects, choice_b_faction_alignment) VALUES ('EVENT_PLAGUE_OUTBREAK', 'Disease Outbreak', 'A contagious illness spreads through the population. Medical resources are urgently needed to contain the outbreak.', 'turn_count >= 12 && population > 6000', False, 'Quarantine & Treat', '{}'::jsonb, '{}'::jsonb, 'Let Nature Take Course', '{}'::jsonb, '{}'::jsonb) ON CONFLICT (event_id) DO NOTHING;
INSERT INTO scenario_master (scenario_id, title, difficulty, difficulty_label, is_active, objective_desc, context_desc, target_turn, target_stability, initial_state, faction_loyalties, special_conditions) VALUES ('SCENARIO_MINING_RUSH', 'The Mining Rush', 4, 'Easy', True, 'Conquer 4 regions and achieve abundant Iron production. Keep food logistics running to support the booming miner population.', 'The discovery of a massive iron mine at the border has sparked a mining frenzy. The people are eager to expand and claim the riches of the frontier.', 50, 0.5, '{}'::jsonb, '{}'::jsonb, '{}'::jsonb) ON CONFLICT (scenario_id) DO NOTHING;
INSERT INTO scenario_master (scenario_id, title, difficulty, difficulty_label, is_active, objective_desc, context_desc, target_turn, target_stability, initial_state, faction_loyalties, special_conditions) VALUES ('SCENARIO_MERCHANTS_AMBITION', 'The Merchant''s Ambition', 5, 'Easy', False, 'Reach Prosperity 0.9 and accumulate 50,000 Gold within 50 turns. Administrative Strain kicks in earlier — starting from your 20th building.', 'Your kingdom sits on the Silk Road. Powerful merchants want you to transform this city into the world''s greatest trade hub.', 50, 0.55, '{}'::jsonb, '{}'::jsonb, '{}'::jsonb) ON CONFLICT (scenario_id) DO NOTHING;
INSERT INTO scenario_master (scenario_id, title, difficulty, difficulty_label, is_active, objective_desc, context_desc, target_turn, target_stability, initial_state, faction_loyalties, special_conditions) VALUES ('SCENARIO_SILENT_FAMINE', 'The Silent Famine', 7, 'Normal', False, 'Survive until Turn 50 with a population of at least 8,000. Enact emergency food laws before stability reaches zero.', 'A long drought has hit the land. Food reserves are nearly empty, and the people are eyeing the royal granary with growing anger.', 50, 0.4, '{}'::jsonb, '{}'::jsonb, '{}'::jsonb) ON CONFLICT (scenario_id) DO NOTHING;
INSERT INTO scenario_master (scenario_id, title, difficulty, difficulty_label, is_active, objective_desc, context_desc, target_turn, target_stability, initial_state, faction_loyalties, special_conditions) VALUES ('SCENARIO_ARCANE_UNREST', 'The Arcane Unrest', 8, 'Hard', False, 'Research 10 Technologies in the Tech Lab and maintain Stability above 70% until Turn 50. Manage the conflict between Mana growth and public loyalty.', 'Excessive use of Mana has caused weather anomalies across the realm. The Common Folk fear the mages, while the Arcane Circle demands more research funding.', 50, 0.7, '{}'::jsonb, '{}'::jsonb, '{}'::jsonb) ON CONFLICT (scenario_id) DO NOTHING;
INSERT INTO scenario_master (scenario_id, title, difficulty, difficulty_label, is_active, objective_desc, context_desc, target_turn, target_stability, initial_state, faction_loyalties, special_conditions) VALUES ('SCENARIO_DIVIDED_COUNCIL', 'The Divided Council', 9, 'Hard', False, 'Pass 5 High-Tier Laws (National Decrees) within 50 turns. PP is extremely scarce — every 10 buildings reduces Base PP by 1.', 'Parliament has fractured into two bitter rival factions. Bureaucracy is paralyzed — every policy is blocked by the opposition.', 50, 0.5, '{}'::jsonb, '{}'::jsonb, '{}'::jsonb) ON CONFLICT (scenario_id) DO NOTHING;
INSERT INTO scenario_master (scenario_id, title, difficulty, difficulty_label, is_active, objective_desc, context_desc, target_turn, target_stability, initial_state, faction_loyalties, special_conditions) VALUES ('SCENARIO_FALLEN_CROWN', 'The Fallen Crown', 10, 'Insane', False, 'Reclaim stability to 0.8 within 50 turns from a critical starting state. Corruption is locked at 40% and the sanitary crisis is active from Turn 1. One wrong move and it''s Game Over.', 'You inherit a bankrupt kingdom, a starving populace, and territories under constant siege. This is a suicide mission.', 50, 0.8, '{}'::jsonb, '{}'::jsonb, '{}'::jsonb) ON CONFLICT (scenario_id) DO NOTHING;
INSERT INTO game_configs (
        config_id, strain_threshold, max_corruption_cap, base_pp, starvation_stability_penalty,
        food_consumption_rate, region_iron_yield_multiplier, starvation_prosperity_penalty,
        prosperity_tax_bonus, council_request_chance, base_tax_rate, corruption_per_10k_pop,
        min_pp, starvation_population_penalty, region_food_yield_multiplier
    ) VALUES (
        'main', 
        25, 
        0.4, 
        10, 
        0.05,
        0.5, 
        100, 
        0.05,
        0.5, 
        0.2, 
        0.5, 
        0.05,
        7, 
        0.02, 
        100
    ) ON CONFLICT (config_id) DO NOTHING;
INSERT INTO technology_tree (tech_id, name, description, research_cost_gold, research_cost_mana, research_turns, prerequisites, effects, tier, category) VALUES ('TECH_ADVANCED_AGRICULTURE', 'Advanced Agriculture', 'Develops new farming techniques that increase crop yields and food production efficiency. +100 Food/turn, +500 Population Capacity', 200, 10, 3, '{}'::jsonb, '{}'::jsonb, 1, 'Economy') ON CONFLICT (tech_id) DO NOTHING;
INSERT INTO technology_tree (tech_id, name, description, research_cost_gold, research_cost_mana, research_turns, prerequisites, effects, tier, category) VALUES ('TECH_COMMERCIAL_TRADE_AGREEMENTS', 'Commercial Trade Agreements', 'Establishes profitable trade agreement networks with external powers, increasing gold flow. +150 Gold/turn, +0.01 Prosperity', 300, 15, 4, '{}'::jsonb, '{}'::jsonb, 1, 'Economy') ON CONFLICT (tech_id) DO NOTHING;
INSERT INTO technology_tree (tech_id, name, description, research_cost_gold, research_cost_mana, research_turns, prerequisites, effects, tier, category) VALUES ('TECH_METALLURGY_IMPROVEMENTS', 'Metallurgy Improvements', 'Refines metal extraction and purification processes, increasing iron production and construction efficiency. +70 Iron/turn, +0.05 Building Speed', 250, 10, 3, '{}'::jsonb, '{}'::jsonb, 1, 'Economy') ON CONFLICT (tech_id) DO NOTHING;
INSERT INTO technology_tree (tech_id, name, description, research_cost_gold, research_cost_mana, research_turns, prerequisites, effects, tier, category) VALUES ('TECH_EFFICIENT_LOGGING', 'Efficient Logging', 'Develops more efficient and sustainable logging methods. +80 Wood/turn', 150, 5, 2, '{}'::jsonb, '{}'::jsonb, 1, 'Economy') ON CONFLICT (tech_id) DO NOTHING;
INSERT INTO technology_tree (tech_id, name, description, research_cost_gold, research_cost_mana, research_turns, prerequisites, effects, tier, category) VALUES ('TECH_CURRENCY_STANDARDIZATION', 'Currency Standardization', 'Standardizes the kingdom''s currency, reducing corruption and improving economic efficiency. +0.05 Corruption Reduction, +75 Gold/turn', 500, 20, 5, '{}'::jsonb, '{}'::jsonb, 2, 'Economy') ON CONFLICT (tech_id) DO NOTHING;
INSERT INTO technology_tree (tech_id, name, description, research_cost_gold, research_cost_mana, research_turns, prerequisites, effects, tier, category) VALUES ('TECH_ORGANIZED_TAX_COLLECTION', 'Organized Tax Collection', 'Implements a more organized and comprehensive tax collection system, increasing kingdom revenue. +120 Gold/turn, -0.01 Stability', 400, 15, 4, '{}'::jsonb, '{}'::jsonb, 2, 'Economy') ON CONFLICT (tech_id) DO NOTHING;
INSERT INTO technology_tree (tech_id, name, description, research_cost_gold, research_cost_mana, research_turns, prerequisites, effects, tier, category) VALUES ('TECH_RESOURCE_CONSERVATION', 'Resource Conservation', 'Develops techniques to reduce waste and conserve critical resources. +0.05 Food Consumption Reduction, +0.05 Resource Efficiency', 350, 25, 4, '{}'::jsonb, '{}'::jsonb, 2, 'Economy') ON CONFLICT (tech_id) DO NOTHING;
INSERT INTO technology_tree (tech_id, name, description, research_cost_gold, research_cost_mana, research_turns, prerequisites, effects, tier, category) VALUES ('TECH_IMPROVED_WEAPONRY', 'Improved Weaponry', 'Designs and produces more effective weapons for the kingdom''s forces. +0.10 Military Strength, -20 Iron/turn (maintenance)', 250, 10, 3, '{}'::jsonb, '{}'::jsonb, 1, 'Military') ON CONFLICT (tech_id) DO NOTHING;
INSERT INTO technology_tree (tech_id, name, description, research_cost_gold, research_cost_mana, research_turns, prerequisites, effects, tier, category) VALUES ('TECH_BASIC_FORTIFICATIONS', 'Basic Fortifications', 'Develops basic techniques for building fortresses and defensive structures. +0.01 Stability, +0.05 Clash Risk Reduction', 200, 5, 2, '{}'::jsonb, '{}'::jsonb, 1, 'Military') ON CONFLICT (tech_id) DO NOTHING;
INSERT INTO technology_tree (tech_id, name, description, research_cost_gold, research_cost_mana, research_turns, prerequisites, effects, tier, category) VALUES ('TECH_MILITARY_DRILL', 'Military Drill', 'Implements rigorous training programs for troops, increasing morale and combat effectiveness. +0.05 Military Strength, +3 PP/turn', 150, 5, 2, '{}'::jsonb, '{}'::jsonb, 1, 'Military') ON CONFLICT (tech_id) DO NOTHING;
INSERT INTO technology_tree (tech_id, name, description, research_cost_gold, research_cost_mana, research_turns, prerequisites, effects, tier, category) VALUES ('TECH_SIEGE_ENGINEERING', 'Siege Engineering', 'Designs siege engines and tactics to breach enemy defenses. +0.15 Conquest Difficulty Reduction, -50 Iron/turn', 600, 30, 6, '{}'::jsonb, '{}'::jsonb, 2, 'Military') ON CONFLICT (tech_id) DO NOTHING;
INSERT INTO technology_tree (tech_id, name, description, research_cost_gold, research_cost_mana, research_turns, prerequisites, effects, tier, category) VALUES ('TECH_LOGISTICS_AND_SUPPLY', 'Logistics and Supply', 'Optimizes military supply chains, reducing troop maintenance costs and increasing operational range. +0.10 Military Maintenance Reduction, -30 Food/turn', 450, 20, 5, '{}'::jsonb, '{}'::jsonb, 2, 'Military') ON CONFLICT (tech_id) DO NOTHING;
INSERT INTO technology_tree (tech_id, name, description, research_cost_gold, research_cost_mana, research_turns, prerequisites, effects, tier, category) VALUES ('TECH_SCOUTING_AND_RECONNAISSANCE', 'Scouting and Reconnaissance', 'Trains specialized scout units to gather information about enemies and new territories. +0.05 Quest Success Chance, +0.05 Clash Risk Reduction', 300, 15, 4, '{}'::jsonb, '{}'::jsonb, 2, 'Military') ON CONFLICT (tech_id) DO NOTHING;
INSERT INTO technology_tree (tech_id, name, description, research_cost_gold, research_cost_mana, research_turns, prerequisites, effects, tier, category) VALUES ('TECH_GUERILLA_TACTICS', 'Guerrilla Tactics', 'Develops unconventional combat tactics effective against larger enemies. +0.08 Military Strength, -0.01 Stability (disruptive methods)', 350, 25, 4, '{}'::jsonb, '{}'::jsonb, 2, 'Military') ON CONFLICT (tech_id) DO NOTHING;
INSERT INTO technology_tree (tech_id, name, description, research_cost_gold, research_cost_mana, research_turns, prerequisites, effects, tier, category) VALUES ('TECH_CIVIL_ENGINEERING', 'Civil Engineering', 'Develops infrastructure construction science like roads, bridges, and irrigation. +700 Population Capacity, +0.05 Building Speed', 200, 10, 3, '{}'::jsonb, '{}'::jsonb, 1, 'Civic') ON CONFLICT (tech_id) DO NOTHING;
INSERT INTO technology_tree (tech_id, name, description, research_cost_gold, research_cost_mana, research_turns, prerequisites, effects, tier, category) VALUES ('TECH_PUBLIC_ADMINISTRATION', 'Public Administration', 'Improves the kingdom''s administrative structure for better efficiency and reduced corruption. +0.03 Corruption Reduction, +5 PP/turn', 250, 15, 4, '{}'::jsonb, '{}'::jsonb, 1, 'Civic') ON CONFLICT (tech_id) DO NOTHING;
INSERT INTO technology_tree (tech_id, name, description, research_cost_gold, research_cost_mana, research_turns, prerequisites, effects, tier, category) VALUES ('TECH_URBAN_PLANNING', 'Urban Planning', 'Implements urban planning principles for orderly and efficient growth. +800 Population Capacity, +0.01 Stability', 180, 8, 3, '{}'::jsonb, '{}'::jsonb, 1, 'Civic') ON CONFLICT (tech_id) DO NOTHING;
INSERT INTO technology_tree (tech_id, name, description, research_cost_gold, research_cost_mana, research_turns, prerequisites, effects, tier, category) VALUES ('TECH_BASIC_LITERACY', 'Basic Literacy', 'Introduces basic literacy programs to the population, improving workforce quality and opening paths for further research. +5 Mana/turn, +0.02 Population Growth', 100, 10, 2, '{}'::jsonb, '{}'::jsonb, 1, 'Civic') ON CONFLICT (tech_id) DO NOTHING;
INSERT INTO technology_tree (tech_id, name, description, research_cost_gold, research_cost_mana, research_turns, prerequisites, effects, tier, category) VALUES ('TECH_DIPLOMATIC_PROTOCOLS', 'Diplomatic Protocols', 'Develops diplomatic protocols and etiquette to improve relations with other kingdoms and factions. +0.05 Faction Loyalty Gain, +0.05 Quest Success', 400, 25, 5, '{}'::jsonb, '{}'::jsonb, 2, 'Civic') ON CONFLICT (tech_id) DO NOTHING;
INSERT INTO technology_tree (tech_id, name, description, research_cost_gold, research_cost_mana, research_turns, prerequisites, effects, tier, category) VALUES ('TECH_CODE_OF_LAWS', 'Code of Laws', 'Compiles a comprehensive written legal code, ensuring justice and increasing kingdom stability. +0.03 Stability, +0.02 Corruption Reduction', 550, 30, 6, '{}'::jsonb, '{}'::jsonb, 2, 'Civic') ON CONFLICT (tech_id) DO NOTHING;
INSERT INTO technology_tree (tech_id, name, description, research_cost_gold, research_cost_mana, research_turns, prerequisites, effects, tier, category) VALUES ('TECH_CENSUS_AND_RECORD_KEEPING', 'Census and Record Keeping', 'Implements detailed census and record-keeping systems, providing valuable data for planning and management. +7 PP/turn, +30 Gold/turn', 300, 15, 4, '{}'::jsonb, '{}'::jsonb, 2, 'Civic') ON CONFLICT (tech_id) DO NOTHING;
INSERT INTO technology_tree (tech_id, name, description, research_cost_gold, research_cost_mana, research_turns, prerequisites, effects, tier, category) VALUES ('TECH_MANA_CHANNELING', 'Mana Channeling', 'Masters basic techniques for channeling and collecting mana energy from the environment. +10 Mana/turn', 150, 25, 3, '{}'::jsonb, '{}'::jsonb, 1, 'Mystical') ON CONFLICT (tech_id) DO NOTHING;
INSERT INTO technology_tree (tech_id, name, description, research_cost_gold, research_cost_mana, research_turns, prerequisites, effects, tier, category) VALUES ('TECH_ELEMENTAL_MAGIC', 'Elemental Magic', 'Studies how to manipulate basic elements like fire, water, and earth for various purposes. +5 Mana/turn, +0.02 Resource Production', 200, 30, 4, '{}'::jsonb, '{}'::jsonb, 1, 'Mystical') ON CONFLICT (tech_id) DO NOTHING;
INSERT INTO technology_tree (tech_id, name, description, research_cost_gold, research_cost_mana, research_turns, prerequisites, effects, tier, category) VALUES ('TECH_HERBAL_MEDICINE', 'Herbal Medicine', 'Develops knowledge of medicinal plants and potions for healing diseases and improving health. +3 Population/turn, +0.01 Stability', 100, 15, 2, '{}'::jsonb, '{}'::jsonb, 1, 'Mystical') ON CONFLICT (tech_id) DO NOTHING;
INSERT INTO technology_tree (tech_id, name, description, research_cost_gold, research_cost_mana, research_turns, prerequisites, effects, tier, category) VALUES ('TECH_DIVINATION_RITUALS', 'Divination Rituals', 'Performs rituals to gain insights about the future and potential threats, increasing quest success and reducing risks. +0.10 Quest Success, +0.05 Clash Risk Reduction', 300, 50, 5, '{}'::jsonb, '{}'::jsonb, 2, 'Mystical') ON CONFLICT (tech_id) DO NOTHING;
INSERT INTO technology_tree (tech_id, name, description, research_cost_gold, research_cost_mana, research_turns, prerequisites, effects, tier, category) VALUES ('TECH_RUNIC_ENCHANTMENT', 'Runic Enchantment', 'Masters the art of imbuing objects with magic using ancient runes, increasing building or equipment effectiveness. +0.05 Building Efficiency, +0.05 Military Strength', 450, 70, 6, '{}'::jsonb, '{}'::jsonb, 2, 'Mystical') ON CONFLICT (tech_id) DO NOTHING;
INSERT INTO technology_tree (tech_id, name, description, research_cost_gold, research_cost_mana, research_turns, prerequisites, effects, tier, category) VALUES ('TECH_SPIRITUAL_HARMONY', 'Spiritual Harmony', 'Promotes spiritual practices that increase happiness and balance in the kingdom, improving stability and mana. +0.02 Stability, +8 Mana/turn', 350, 40, 4, '{}'::jsonb, '{}'::jsonb, 2, 'Mystical') ON CONFLICT (tech_id) DO NOTHING;
INSERT INTO technology_tree (tech_id, name, description, research_cost_gold, research_cost_mana, research_turns, prerequisites, effects, tier, category) VALUES ('TECH_ARCANE_BARRIERS', 'Arcane Barriers', 'Develops powerful magical barriers to protect the kingdom from physical and mystical attacks. +0.12 Military Strength, +0.10 Clash Risk Reduction', 500, 60, 7, '{}'::jsonb, '{}'::jsonb, 2, 'Mystical') ON CONFLICT (tech_id) DO NOTHING;
INSERT INTO technology_tree (tech_id, name, description, research_cost_gold, research_cost_mana, research_turns, prerequisites, effects, tier, category) VALUES ('TECH_MANA_RESONANCE_FOCUS', 'Mana Resonance Focus', 'Builds structures or artifacts that increase mana resonance throughout the kingdom, significantly boosting regeneration. +25 Mana/turn', 800, 120, 8, '{}'::jsonb, '{}'::jsonb, 3, 'Mystical') ON CONFLICT (tech_id) DO NOTHING;
INSERT INTO technology_tree (tech_id, name, description, research_cost_gold, research_cost_mana, research_turns, prerequisites, effects, tier, category) VALUES ('TECH_TRANSMUTATION', 'Transmutation', 'Masters the art of transforming one resource into another. Unlocks special transmutation abilities.', 1000, 150, 10, '{}'::jsonb, '{}'::jsonb, 3, 'Mystical') ON CONFLICT (tech_id) DO NOTHING;
INSERT INTO faction_quests (quest_id, faction_name, title, description, requirement, quest_type, is_active, is_completed, deadline_turns, turn_activated, reward_favor_points, reward_loyalty, reward_influence, penalty_loyalty, penalty_influence) VALUES ('QUEST_MERCHANT_TRADE', 'Merchant Guild', 'Establish Trade Dominance', 'The Merchant Guild requests activation of Open Trade Routes to expand commerce.', NULL, 'law', False, False, 10, 0, 100, 0.15, 0.08, -0.2, -0.05) ON CONFLICT (quest_id) DO NOTHING;
INSERT INTO faction_quests (quest_id, faction_name, title, description, requirement, quest_type, is_active, is_completed, deadline_turns, turn_activated, reward_favor_points, reward_loyalty, reward_influence, penalty_loyalty, penalty_influence) VALUES ('QUEST_MILITARY_STRENGTH', 'Military Order', 'Fortify the Realm', 'The Military Order demands accumulation of 1500 iron for defense preparations.', NULL, 'resource', False, False, 8, 0, 80, 0.12, 0.06, -0.18, -0.04) ON CONFLICT (quest_id) DO NOTHING;
INSERT INTO faction_quests (quest_id, faction_name, title, description, requirement, quest_type, is_active, is_completed, deadline_turns, turn_activated, reward_favor_points, reward_loyalty, reward_influence, penalty_loyalty, penalty_influence) VALUES ('QUEST_FOLK_WELFARE', 'Common Folk', 'Care for the People', 'The Common Folk petition for Universal Education or Social Safety Net to improve living conditions.', NULL, 'law', False, False, 12, 0, 90, 0.18, 0.05, -0.15, -0.03) ON CONFLICT (quest_id) DO NOTHING;
INSERT INTO faction_quests (quest_id, faction_name, title, description, requirement, quest_type, is_active, is_completed, deadline_turns, turn_activated, reward_favor_points, reward_loyalty, reward_influence, penalty_loyalty, penalty_influence) VALUES ('QUEST_ARCANE_POWER', 'Arcane Circle', 'Unlock Mystical Potential', 'The Arcane Circle seeks to reach 0.7 Mana capacity for advanced research.', NULL, 'resource', False, False, 15, 0, 110, 0.14, 0.07, -0.16, -0.06) ON CONFLICT (quest_id) DO NOTHING;
INSERT INTO market_rates (turn_number, gold_to_food, gold_to_iron, gold_to_wood, food_to_gold, iron_to_gold, wood_to_gold) VALUES (2, 8.0, 12, 5, 0.13, 0.1, 0.2) ON CONFLICT DO NOTHING;
INSERT INTO market_rates (turn_number, gold_to_food, gold_to_iron, gold_to_wood, food_to_gold, iron_to_gold, wood_to_gold) VALUES (1, 2.5, 8, 3, 0.4, 0.12, 0.33) ON CONFLICT DO NOTHING;
INSERT INTO market_rates (turn_number, gold_to_food, gold_to_iron, gold_to_wood, food_to_gold, iron_to_gold, wood_to_gold) VALUES (1, 13.0, 13, 9, 0.1, 0.073, 0.184) ON CONFLICT DO NOTHING;
INSERT INTO election_cycles (cycle_length, last_election_turn) VALUES (5, 0) ON CONFLICT DO NOTHING;
INSERT INTO election_cycles (cycle_length, last_election_turn) VALUES (5, 0) ON CONFLICT DO NOTHING;
INSERT INTO election_cycles (cycle_length, last_election_turn) VALUES (5, 0) ON CONFLICT DO NOTHING;
INSERT INTO advisory_guide (advisor_key, topic_title, topic_key, content, category, "order") VALUES ('elric', 'Where Does Gold Income Come From', 'elric_gold_income', 'Your Gold grows each turn through taxation of the realm''s population. The amount depends on your current Population size, Prosperity level, and any active Economy Laws. A higher Prosperity grants a larger tax multiplier to your treasury. You may observe your net Gold change in the Resource Bar at the top of the screen — the small value beneath the Gold icon shows your current +X/turn income.', 'economy', 1) ON CONFLICT (topic_key) DO NOTHING;
INSERT INTO advisory_guide (advisor_key, topic_title, topic_key, content, category, "order") VALUES ('elric', 'How to Read the Marketplace Rates', 'elric_marketplace_reading', 'The Marketplace displays exchange rates between Gold and three commodities: Food, Iron, and Wood. Each commodity shows two values — the buy rate (Gold spent to acquire it) and the sell rate (Gold received when selling it). These rates fluctuate each turn based on the kingdom''s economic conditions. Review the current rates before committing to a transaction so you understand precisely how much you will gain or spend.', 'economy', 2) ON CONFLICT (topic_key) DO NOTHING;
INSERT INTO advisory_guide (advisor_key, topic_title, topic_key, content, category, "order") VALUES ('elric', 'How Laws Affect Gold Income', 'elric_laws_gold', 'Certain Laws in the Hall of Laws carry direct effects on your Gold income or expenditure each turn. Economy-category Laws typically improve your Gold per turn, while Laws from other categories may impose a Gold/turn cost as a trade-off. Before enacting any Law, carefully read its description — specifically any line that mentions a Gold cost or bonus expressed as a per-turn value.', 'economy', 3) ON CONFLICT (topic_key) DO NOTHING;
INSERT INTO advisory_guide (advisor_key, topic_title, topic_key, content, category, "order") VALUES ('elric', 'What Is Prosperity and How to Track It', 'elric_prosperity', 'Prosperity measures the economic vitality of your realm on a scale from 0.0 to 1.0, visible in the Resource Bar. It is influenced by active trade Laws, marketplace activity, and certain technologies. A higher Prosperity multiplies your per-turn Gold tax revenue. Should it drop sharply, I would advise checking recently enacted Laws or the current standing of the Merchant Guild — their discontent often precedes an economic downturn.', 'economy', 4) ON CONFLICT (topic_key) DO NOTHING;
INSERT INTO advisory_guide (advisor_key, topic_title, topic_key, content, category, "order") VALUES ('elric', 'How Marketplace Transactions Work', 'elric_marketplace_mechanic', 'To conduct a trade, navigate to the Marketplace, select the desired commodity, and enter the quantity. The system calculates the Gold cost or gain automatically using the current rate. The transaction resolves immediately — resources are credited or debited within the same turn. There are no hidden fees beyond the displayed rate. What you see is precisely what you receive, my liege.', 'economy', 5) ON CONFLICT (topic_key) DO NOTHING;
INSERT INTO advisory_guide (advisor_key, topic_title, topic_key, content, category, "order") VALUES ('elric', 'Signs of Financial Danger', 'elric_financial_danger', 'Your treasury is under strain when Gold approaches zero or your net per-turn income turns negative. Watch for these indicators: the Gold +X/turn value in the Resource Bar turning red, warning notifications appearing before you End Turn, and Stability beginning to erode as active Laws can no longer be funded. Visit the Hall of Laws to identify which active Laws carry the heaviest Gold/turn costs — those are your first candidates for review.', 'economy', 6) ON CONFLICT (topic_key) DO NOTHING;
INSERT INTO advisory_guide (advisor_key, topic_title, topic_key, content, category, "order") VALUES ('valerius', 'How the Army System Works', 'valerius_army_system', 'Your Army represents the total military strength of the realm, displayed as a numerical value in the Resource Bar. This figure reflects the number of active soldiers under your command. A strong Army reinforces Stability and is a prerequisite for certain military Laws. Without sufficient forces, your kingdom becomes vulnerable to external threats that emerge through random events. Do not let your guard down, Commander.', 'military', 1) ON CONFLICT (topic_key) DO NOTHING;
INSERT INTO advisory_guide (advisor_key, topic_title, topic_key, content, category, "order") VALUES ('valerius', 'How to Recruit Army and Its Costs', 'valerius_army_recruitment', 'Army strength is increased by activating military Laws in the Hall of Laws — such as Compulsory Military Service — which add soldiers each turn. Most military Laws carry a cost: Gold per turn, a Stability penalty, or both. Before activating any military Law, review its effect description carefully. It will state explicitly how many units are added and what resources are consumed to sustain them.', 'military', 2) ON CONFLICT (topic_key) DO NOTHING;
INSERT INTO advisory_guide (advisor_key, topic_title, topic_key, content, category, "order") VALUES ('valerius', 'Where to Monitor Military Strength', 'valerius_military_status', 'Your current Army size is always visible in the Resource Bar at the top — look for the sword icon. For a full breakdown, visit the War Room. It displays your active Army count, all currently enacted military Laws, and the net change in Army strength per turn. Consider this your command center — consult it regularly to ensure the realm''s defenses remain sound.', 'military', 3) ON CONFLICT (topic_key) DO NOTHING;
INSERT INTO advisory_guide (advisor_key, topic_title, topic_key, content, category, "order") VALUES ('valerius', 'What Happens When the Army Grows Too Large', 'valerius_army_drain', 'Sustaining a large Army is not without burden. Each active military Law that contributes soldiers also carries ongoing costs — Gold per turn, Stability penalties, or resource consumption. Stacking too many military Laws simultaneously can strain both your treasury and your realm''s morale. Review your active Laws in the Hall of Laws and monitor the cumulative Gold/turn expenditure to ensure you are not overextending your forces.', 'military', 4) ON CONFLICT (topic_key) DO NOTHING;
INSERT INTO advisory_guide (advisor_key, topic_title, topic_key, content, category, "order") VALUES ('valerius', 'How Military Laws Affect the Army', 'valerius_military_laws', 'Laws under the Military category in the Hall of Laws directly modify your Army strength each turn. Each Law carries distinct effects — some add raw troop numbers, others improve defensive efficiency, and some generate bonus loyalty with the Military Order faction. Activate military Laws incrementally and observe their impact on your resources before committing to additional ones. A disciplined approach prevents costly overreach.', 'military', 5) ON CONFLICT (topic_key) DO NOTHING;
INSERT INTO advisory_guide (advisor_key, topic_title, topic_key, content, category, "order") VALUES ('valerius', 'Threat Indicators in the War Room', 'valerius_war_room_indicators', 'The War Room gives you a full picture of your military situation — active Army count, running military Laws, and per-turn Army changes. External threats such as border skirmishes will surface as event popups requiring your immediate decision. These events are time-sensitive: unresolved threats can lead to Army losses or Stability penalties. Make it a habit to check the War Room every few turns. Complacency costs lives, my liege.', 'military', 6) ON CONFLICT (topic_key) DO NOTHING;
INSERT INTO advisory_guide (advisor_key, topic_title, topic_key, content, category, "order") VALUES ('seraphina', 'What Is Faction Loyalty and Where to Find It', 'seraphina_loyalty_basics', 'Faction Loyalty reflects how devoted each of the five great factions is to your crown, measured on a scale from 0.0 to 1.0. The five factions are: the Merchant Guild, Military Order, Common Folk, Arcane Circle, and Agricultural Union. You may view each faction''s current Loyalty, their per-turn trend, and their Council seat count on the Diplomacy page. I recommend visiting it at the start of each turn to stay informed.', 'diplomacy', 1) ON CONFLICT (topic_key) DO NOTHING;
INSERT INTO advisory_guide (advisor_key, topic_title, topic_key, content, category, "order") VALUES ('seraphina', 'What Causes Loyalty to Rise or Fall', 'seraphina_loyalty_factors', 'Faction Loyalty shifts in response to several forces: the Laws you enact or repeal (each carries faction stance data that favors some factions and alienates others), your choices during events, Council outcomes, and the resource conditions relevant to each faction''s domain. The Agricultural Union, for instance, is highly sensitive to Food levels, while the Merchant Guild responds strongly to trade-related Laws. Understanding these relationships is the foundation of lasting alliances.', 'diplomacy', 2) ON CONFLICT (topic_key) DO NOTHING;
INSERT INTO advisory_guide (advisor_key, topic_title, topic_key, content, category, "order") VALUES ('seraphina', 'How the Council Works', 'seraphina_council_mechanic', 'The Council is the legislative body of your realm, composed of the five factions each holding a number of seats proportional to their influence. Each faction is represented by a Spokesperson who may bring requests, demands, or grievances before the throne. The Council''s composition affects the flow of Political Points and the ease with which new Laws may be passed. A fractured Council makes governance difficult — a united one amplifies your authority. Full details are visible on the Diplomacy page.', 'diplomacy', 3) ON CONFLICT (topic_key) DO NOTHING;
INSERT INTO advisory_guide (advisor_key, topic_title, topic_key, content, category, "order") VALUES ('seraphina', 'What Are Political Points and Where They Come From', 'seraphina_political_points', 'Political Points, or PP, are the currency of governance — required to enact higher-tier Laws that carry greater consequences for the realm. PP accumulates each turn based on your Base PP value, reduced by a penalty if your total buildings exceed the Administrative Strain threshold. Your current PP and net change per turn are displayed in the Resource Bar. PP does not carry over beyond its cap, so spend it thoughtfully before it is wasted.', 'diplomacy', 4) ON CONFLICT (topic_key) DO NOTHING;
INSERT INTO advisory_guide (advisor_key, topic_title, topic_key, content, category, "order") VALUES ('seraphina', 'How Laws Shape Faction Relations', 'seraphina_laws_factions', 'Every Law in the Hall of Laws carries faction stance data — it defines which factions will grow more loyal and which will feel slighted when that Law is enacted. Some Laws benefit one faction greatly while quietly eroding another''s trust. Before activating any Law, read its faction stance information carefully. Governance is as much about managing perception as it is about managing resources, my liege.', 'diplomacy', 5) ON CONFLICT (topic_key) DO NOTHING;
INSERT INTO advisory_guide (advisor_key, topic_title, topic_key, content, category, "order") VALUES ('seraphina', 'Where to See All Factions at a Glance', 'seraphina_faction_overview', 'The Diplomacy page serves as your complete overview of all five factions — their Loyalty scores, Influence ratings, and Council seat counts displayed side by side. It also surfaces any active Faction Quests: special requests from individual factions that, if completed within the stated deadline, reward increased Loyalty and Influence. Neglecting these quests risks the opposite — a decline in standing that may take many turns to recover.', 'diplomacy', 6) ON CONFLICT (topic_key) DO NOTHING;
INSERT INTO advisory_guide (advisor_key, topic_title, topic_key, content, category, "order") VALUES ('silas', 'What Is Mana and Where It Comes From', 'silas_mana_basics', 'Mana is the arcane energy that powers all research within the Tech Lab. It is represented as a value between 0.0 and 1.0 in the Resource Bar. Its primary sources are active Arcane-category Laws, certain buildings such as the Temple and University, and technologies that have already been researched. Without sufficient Mana reserves, higher-tier research cannot be initiated. Tend to your arcane infrastructure, and knowledge will follow.', 'tech', 1) ON CONFLICT (topic_key) DO NOTHING;
INSERT INTO advisory_guide (advisor_key, topic_title, topic_key, content, category, "order") VALUES ('silas', 'How to Read the Technology Tree', 'silas_tech_tree', 'The Technology Tree organizes all available research into tiers. Tier 1 technologies are available from the start, while higher tiers require specific prerequisites — earlier technologies that must be completed before access is granted. Each entry shows its Gold and Mana cost, the number of turns required to research it, and the permanent effect it grants upon completion. Status indicators show whether a technology is available, in progress, or already researched.', 'tech', 2) ON CONFLICT (topic_key) DO NOTHING;
INSERT INTO advisory_guide (advisor_key, topic_title, topic_key, content, category, "order") VALUES ('silas', 'How Buildings Are Constructed and How Long They Take', 'silas_buildings_construction', 'Buildings are commissioned through the Infrastructure page by paying the required Gold and Food for the chosen building type. Once construction begins, a set number of turns must pass before the building is completed and its effects become active. You can track ongoing construction in the Infrastructure page — buildings under construction display an In Construction status alongside the remaining turns until completion.', 'tech', 3) ON CONFLICT (topic_key) DO NOTHING;
INSERT INTO advisory_guide (advisor_key, topic_title, topic_key, content, category, "order") VALUES ('silas', 'Effects Granted When a Technology Is Completed', 'silas_tech_effects', 'Upon completing a research project, its effects are applied permanently to the realm — this may include increased per-turn resource production, expanded population capacity, reduced construction costs, or other kingdom-wide bonuses. The full list of effects is visible in each technology''s description before research begins. Once completed, the impact will be reflected in your Resource Bar from the very next turn onward.', 'tech', 4) ON CONFLICT (topic_key) DO NOTHING;
INSERT INTO advisory_guide (advisor_key, topic_title, topic_key, content, category, "order") VALUES ('silas', 'Where to View All Active Buildings', 'silas_buildings_overview', 'The Infrastructure page displays every building you have constructed, along with its current level and operational status. Each building type has a maximum level — upgrading increases its effect at an additional cost. Take note of your total building count here, as it directly relates to Administrative Strain: once the number of buildings surpasses the Strain Threshold, your Political Points per turn will begin to decrease as a governance penalty.', 'tech', 5) ON CONFLICT (topic_key) DO NOTHING;
INSERT INTO advisory_guide (advisor_key, topic_title, topic_key, content, category, "order") VALUES ('silas', 'How Infrastructure Affects Your Resources', 'silas_infrastructure_impact', 'Different building categories contribute to different aspects of the realm. Farms increase Food output, Mines increase Iron, Lumber Mills increase Wood, while population-category buildings expand your citizen capacity and improve Stability. Effects are cumulative — more buildings of the same type, and higher upgrade levels, compound the benefit. Detailed per-level stat breakdowns are accessible through the Building Stats section of the Infrastructure page.', 'tech', 6) ON CONFLICT (topic_key) DO NOTHING;
-- Insert Advisory Configs with portraits (half-body for panel, full-body for dialog)
INSERT INTO advisory_configs (advisor_id, name, title, faction_name, specialty, unlock_condition, is_unlocked, portrait_url, portrait_full_url) VALUES
  ('elric', 'Lord Elric', 'Royal Treasurer', 'Merchant Guild', 'Finance and Trade', 'Start of game', true, 'https://base44.app/api/apps/69bbb7616d6a3bbc5a56a8f8/files/mp/public/69bbb7616d6a3bbc5a56a8f8/614f695a4_elric_transparent.png', 'https://base44.app/api/apps/69bbb7616d6a3bbc5a56a8f8/files/mp/public/69bbb7616d6a3bbc5a56a8f8/614f695a4_elric_transparent.png'),
  ('valerius', 'Cdr. Valerius', 'War Marshal', 'Military Order', 'Military Strategy', 'Start of game', true, 'https://base44.app/api/apps/69bbb7616d6a3bbc5a56a8f8/files/mp/public/69bbb7616d6a3bbc5a56a8f8/246f87180_valerius_transparent.png', 'https://base44.app/api/apps/69bbb7616d6a3bbc5a56a8f8/files/mp/public/69bbb7616d6a3bbc5a56a8f8/246f87180_valerius_transparent.png'),
  ('seraphina', 'Lady Seraphina', 'Diplomat', 'Noble Houses', 'Diplomacy and Relations', 'Reach 50 Stability', false, 'https://base44.app/api/apps/69bbb7616d6a3bbc5a56a8f8/files/mp/public/69bbb7616d6a3bbc5a56a8f8/77d1507ae_seraphina_transparent.png', 'https://base44.app/api/apps/69bbb7616d6a3bbc5a56a8f8/files/mp/public/69bbb7616d6a3bbc5a56a8f8/77d1507ae_seraphina_transparent.png'),
  ('silas', 'Master Silas', 'Court Arcanist', 'Arcane Circle', 'Magic and Technology', 'Reach 100 Mana', false, 'https://base44.app/api/apps/69bbb7616d6a3bbc5a56a8f8/files/mp/public/69bbb7616d6a3bbc5a56a8f8/cc3d5cf7b_silas_transparent.png', 'https://base44.app/api/apps/69bbb7616d6a3bbc5a56a8f8/files/mp/public/69bbb7616d6a3bbc5a56a8f8/cc3d5cf7b_silas_transparent.png')
ON CONFLICT (advisor_id) DO NOTHING;
